,Sku,Sku_Description,Sku_Category,Sku_Subcategory
0,11058,Frosted Mango ,Sugar-free,Cereal bars
1,29207,Nut Cheerios Mango ,Super-flavour,Cereal box
2,38379,MultiGrain Mango ,Sugar-free,Cereal bars
3,42671,Crunch Mango ,Sugar-free,Cereal bars
4,54644,Corn Mango ,Sugar-free,Cereal bars
5,62660,Graham Mango ,Sugar-free,Cereal bars
6,72707,Sugar Mango ,Sugar-free,Cereal bars
7,83421,Peanut Butter Mango ,Sugar-free,Cereal bars
8,95265,Chocos Mango ,Sugar-free,Cereal bars
9,101271,Coco Poops Mango ,Sugar-free,Cereal bars
10,115019,Cookies Mango ,Sugar-free,Cereal bars
11,126368,Crispy Rice Mango ,Super-flavour,Cereal box
12,139842,Crunch Berries Mango ,Sugar-free,Cereal bars
13,149873,Cornflakes Mango ,Sugar-free,Cereal bars
14,159897,Crunchy Bran Mango ,Sugar-free,Cereal bars
15,160084,Crunchy Nut Cornflakes Mango ,Sugar-free,Cereal bars
16,170091,Double Dip Crunch Mango ,Sugar-free,Cereal bars
17,180374,Fruit & Bran Mango ,Sugar-free,Cereal bars
18,190381,Fruit & Nut Mango ,Sugar-free,Cereal bars
19,201100,Golden Goals Mango ,Super-flavour,Cereal box
20,210069,Gorilla Mango ,Sugar-free,Cereal bars
21,220083,Granola Mango ,Sugar-free,Cereal bars
22,233009,Grape-Nuts Mango ,Super-flavour,Cereal box
23,247205,Cups Mango ,Super-flavour,Cereal box
24,251779,Puffs Mango ,Sugar-free,Cereal bars
25,261747,Stars Mango ,Sugar-free,Cereal bars
26,271754,Crunch Life Mango ,Sugar-free,Cereal bars
27,281761,Lucjy Charms Mango ,Sugar-free,Cereal bars
28,290103,Muesli Mango ,Sugar-free,Cereal bars
29,300226,Grain Mango ,Sugar-free,Cereal bars
30,310149,Squares Mango ,Sugar-free,Cereal bars
31,327636,Crisp Mango ,Sugar-free,Cereal bars
32,337628,Toast Mango ,Sugar-free,Cereal bars
33,347635,Frosted Banana Choc-Chip,Sugar-free,Cereal bars
34,358096,Nut Cheerios Banana Choc-Chip,Sugar-free,Cereal bars
35,368102,MultiGrain Banana Choc-Chip,Sugar-free,Cereal bars
36,378119,Crunch Banana Choc-Chip,Sugar-free,Cereal bars
37,388126,Corn Banana Choc-Chip,Sugar-free,Cereal bars
38,390169,Graham Banana Choc-Chip,Super-flavour,Cereal box
39,404382,Sugar Banana Choc-Chip,Sugar-free,Cereal bars
40,410858,Peanut Butter Banana Choc-Chip,Sugar-free,Cereal bars
41,425902,Chocos Banana Choc-Chip,Super-flavour,Cereal box
42,437104,Coco Poops Banana Choc-Chip,Super-flavour,Cereal box
43,447807,Cookies Banana Choc-Chip,Super-flavour,Cereal box
44,450101,Crispy Rice Banana Choc-Chip,Sugar-free,Cereal bars
45,460194,Crunch Berries Banana Choc-Chip,Sugar-free,Cereal bars
46,470224,Cornflakes Banana Choc-Chip,Sugar-free,Cereal bars
47,480309,Crunchy Bran Banana Choc-Chip,Sugar-free,Cereal bars
48,492013,Crunchy Nut Cornflakes Banana Choc-Chip,Super-flavour,Cereal box
49,502020,Double Dip Crunch Banana Choc-Chip,Super-flavour,Cereal box
50,512051,Fruit & Bran Banana Choc-Chip,Super-flavour,Cereal box
51,520179,Fruit & Nut Banana Choc-Chip,Sugar-free,Cereal bars
52,530285,Golden Goals Banana Choc-Chip,Sugar-free,Cereal bars
53,540292,Gorilla Banana Choc-Chip,Sugar-free,Cereal bars
54,550308,Granola Banana Choc-Chip,Sugar-free,Cereal bars
55,562225,Grape-Nuts Banana Choc-Chip,Sugar-free,Cereal bars
56,573758,Cups Banana Choc-Chip,Sugar-free,Cereal bars
57,584465,Puffs Banana Choc-Chip,Sugar-free,Cereal bars
58,594472,Stars Banana Choc-Chip,Sugar-free,Cereal bars
59,606103,Crunch Life Banana Choc-Chip,Sugar-free,Cereal bars
60,616202,Lucjy Charms Banana Choc-Chip,Sugar-free,Cereal bars
61,620007,Muesli Banana Choc-Chip,Super-flavour,Cereal box
62,636637,Grain Banana Choc-Chip,Sugar-free,Cereal bars
63,644522,Squares Banana Choc-Chip,Sugar-free,Cereal bars
64,655144,Crisp Banana Choc-Chip,Sugar-free,Cereal bars
65,661424,Toast Banana Choc-Chip,Sugar-free,Cereal bars
66,675232,Frosted Orange,Sugar-free,Cereal bars
67,680680,Nut Cheerios Orange,Super-flavour,Cereal box
68,690703,MultiGrain Orange,Super-flavour,Cereal box
69,701168,Crunch Orange,Sugar-free,Cereal bars
70,711724,Corn Orange,Sugar-free,Cereal bars
71,721731,Graham Orange,Sugar-free,Cereal bars
72,731847,Sugar Orange,Sugar-free,Cereal bars
73,741984,Peanut Butter Orange,Sugar-free,Cereal bars
74,751015,Chocos Orange,Super-flavour,Cereal box
75,760114,Coco Poops Orange,Sugar-free,Cereal bars
76,770113,Cookies Orange,Sugar-free,Cereal bars
77,782342,Crispy Rice Orange,Sugar-free,Cereal bars
78,791010,Crunch Berries Orange,Sugar-free,Cereal bars
79,801027,Cornflakes Orange,Sugar-free,Cereal bars
80,811041,Crunchy Bran Orange,Sugar-free,Cereal bars
81,821096,Crunchy Nut Cornflakes Orange,Sugar-free,Cereal bars
82,833769,Double Dip Crunch Orange,Sugar-free,Cereal bars
83,843776,Fruit & Bran Orange,Sugar-free,Cereal bars
84,855602,Fruit & Nut Orange,Sugar-free,Cereal bars
85,860119,Golden Goals Orange,Sugar-free,Cereal bars
86,870317,Gorilla Orange,Super-flavour,Cereal box
87,880118,Granola Orange,Sugar-free,Cereal bars
88,890316,Grape-Nuts Orange,Super-flavour,Cereal box
89,900117,Cups Orange,Sugar-free,Cereal bars
90,910116,Puffs Orange,Sugar-free,Cereal bars
91,920115,Stars Orange,Sugar-free,Cereal bars
92,930114,Crunch Life Orange,Sugar-free,Cereal bars
93,940112,Lucjy Charms Orange,Sugar-free,Cereal bars
94,950150,Muesli Orange,Sugar-free,Cereal bars
95,960303,Grain Orange,Sugar-free,Cereal bars
96,970030,Squares Orange,Sugar-free,Cereal bars
97,980047,Crisp Orange,Sugar-free,Cereal bars
98,991101,Toast Orange,Sugar-free,Cereal bars
99,1001200,Frosted Honey,Sugar-free,Cereal bars
100,1010042,Nut Cheerios Honey,Super-flavour,Cereal box
101,1020146,MultiGrain Honey,Sugar-free,Cereal bars
102,1034874,Crunch Honey,Sugar-free,Cereal bars
103,1044881,Corn Honey,Sugar-free,Cereal bars
104,1050011,Graham Honey,Sugar-free,Cereal bars
105,1060028,Sugar Honey,Sugar-free,Cereal bars
106,1070035,Peanut Butter Honey,Sugar-free,Cereal bars
107,1081538,Chocos Honey,Sugar-free,Cereal bars
108,1090742,Coco Poops Honey,Sugar-free,Cereal bars
109,1102286,Cookies Honey,Sugar-free,Cereal bars
110,1112293,Crispy Rice Honey,Sugar-free,Cereal bars
111,1122309,Crunch Berries Honey,Sugar-free,Cereal bars
112,1136809,Cornflakes Honey,Sugar-free,Cereal bars
113,1147639,Crunchy Bran Honey,Sugar-free,Cereal bars
114,1157660,Crunchy Nut Cornflakes Honey,Sugar-free,Cereal bars
115,1161240,Double Dip Crunch Honey,Super-flavour,Cereal box
116,1179464,Fruit & Bran Honey,Sugar-free,Cereal bars
117,1180000,Fruit & Nut Honey,Super-flavour,Cereal box
118,1190001,Golden Goals Honey,Super-flavour,Cereal box
119,1200004,Gorilla Honey,Super-flavour,Cereal box
120,1210001,Granola Honey,Super-flavour,Cereal box
121,1220130,Grape-Nuts Honey,Super-flavour,Cereal box
122,1231842,Cups Honey,Super-flavour,Cereal box
123,1241731,Puffs Honey,Super-flavour,Cereal box
124,1257260,Stars Honey,Super-flavour,Cereal box
125,1265029,Crunch Life Honey,Sugar-free,Cereal bars
126,1273672,Lucjy Charms Honey,Sugar-free,Cereal bars
127,1281000,Muesli Honey,Sugar-free,Cereal bars
128,1290506,Grain Honey,Sugar-free,Cereal bars
129,1300605,Squares Honey,Sugar-free,Cereal bars
130,1310704,Crisp Honey,Sugar-free,Cereal bars
131,1320803,Toast Honey,Sugar-free,Cereal bars
132,1330902,Frosted Lemon,Sugar-free,Cereal bars
133,1340835,Nut Cheerios Lemon,Sugar-free,Cereal bars
134,1350873,MultiGrain Lemon,Super-flavour,Cereal box
135,1360426,Crunch Lemon,Super-flavour,Cereal box
136,1370425,Corn Lemon,Super-flavour,Cereal box
137,1380517,Graham Lemon,Super-flavour,Cereal box
138,1391613,Sugar Lemon,Sugar-free,Cereal bars
139,1404027,Peanut Butter Lemon,Super-flavour,Cereal box
140,1417905,Chocos Lemon,Sugar-free,Cereal bars
141,1420789,Coco Poops Lemon,Super-flavour,Cereal box
142,1430956,Cookies Lemon,Super-flavour,Cereal box
143,1441229,Crispy Rice Lemon,Super-flavour,Cereal box
144,1450073,Crunch Berries Lemon,Sugar-free,Cereal bars
145,1460080,Cornflakes Lemon,Sugar-free,Cereal bars
146,1470097,Crunchy Bran Lemon,Sugar-free,Cereal bars
147,1480103,Crunchy Nut Cornflakes Lemon,Sugar-free,Cereal bars
148,1490363,Double Dip Crunch Lemon,Sugar-free,Cereal bars
149,1500370,Fruit & Bran Lemon,Sugar-free,Cereal bars
150,1510003,Fruit & Nut Lemon,Super-flavour,Cereal box
151,1520034,Golden Goals Lemon,Super-flavour,Cereal box
152,1530805,Gorilla Lemon,Sugar-free,Cereal bars
153,1541451,Granola Lemon,Super-flavour,Cereal box
154,1551468,Grape-Nuts Lemon,Super-flavour,Cereal box
155,1562212,Cups Lemon,Super-flavour,Cereal box
156,1572236,Puffs Lemon,Super-flavour,Cereal box
157,1582373,Stars Lemon,Super-flavour,Cereal box
158,1592632,Crunch Life Lemon,Super-flavour,Cereal box
159,1602649,Lucjy Charms Lemon,Super-flavour,Cereal box
160,1613134,Muesli Lemon,Super-flavour,Cereal box
161,1623332,Grain Lemon,Super-flavour,Cereal box
162,1633806,Squares Lemon,Sugar-free,Cereal bars
163,1643936,Crisp Lemon,Super-flavour,Cereal box
164,1653981,Toast Lemon,Super-flavour,Cereal box
165,1664049,Frosted Lime,Sugar-free,Cereal bars
166,1674056,Nut Cheerios Lime,Super-flavour,Cereal box
167,1685008,MultiGrain Lime,Sugar-free,Cereal bars
168,1695015,Crunch Lime,Sugar-free,Cereal bars
169,1705053,Corn Lime,Sugar-free,Cereal bars
170,1715183,Graham Lime,Sugar-free,Cereal bars
171,1725299,Sugar Lime,Super-flavour,Cereal box
172,1735336,Peanut Butter Lime,Sugar-free,Cereal bars
173,1745343,Chocos Lime,Sugar-free,Cereal bars
174,1755350,Coco Poops Lime,Sugar-free,Cereal bars
175,1765374,Cookies Lime,Sugar-free,Cereal bars
176,1775398,Crispy Rice Lime,Sugar-free,Cereal bars
177,1785411,Crunch Berries Lime,Sugar-free,Cereal bars
178,1795596,Cornflakes Lime,Sugar-free,Cereal bars
179,1805657,Crunchy Bran Lime,Sugar-free,Cereal bars
180,1815664,Crunchy Nut Cornflakes Lime,Sugar-free,Cereal bars
181,1825671,Double Dip Crunch Lime,Sugar-free,Cereal bars
182,1835763,Fruit & Bran Lime,Super-flavour,Cereal box
183,1845831,Fruit & Nut Lime,Sugar-free,Cereal bars
184,1855848,Golden Goals Lime,Super-flavour,Cereal box
185,1865862,Gorilla Lime,Sugar-free,Cereal bars
186,1875879,Granola Lime,Sugar-free,Cereal bars
187,1886104,Grape-Nuts Lime,Sugar-free,Cereal bars
188,1890088,Cups Lime,Sugar-free,Cereal bars
189,1900101,Puffs Lime,Sugar-free,Cereal bars
190,1916066,Stars Lime,Sugar-free,Cereal bars
191,1926097,Crunch Life Lime,Sugar-free,Cereal bars
192,1936516,Lucjy Charms Lime,Sugar-free,Cereal bars
193,1947278,Muesli Lime,Sugar-free,Cereal bars
194,1957315,Grain Lime,Sugar-free,Cereal bars
195,1960193,Squares Lime,Sugar-free,Cereal bars
196,1970285,Crisp Lime,Sugar-free,Cereal bars
197,1981299,Toast Lime,Sugar-free,Cereal bars
198,1991305,Frosted Honey Pokey,Sugar-free,Cereal bars
199,2001312,Nut Cheerios Honey Pokey,Sugar-free,Cereal bars
200,2011329,MultiGrain Honey Pokey,Sugar-free,Cereal bars
201,2021336,Crunch Honey Pokey,Sugar-free,Cereal bars
202,2031343,Corn Honey Pokey,Sugar-free,Cereal bars
203,2041350,Graham Honey Pokey,Sugar-free,Cereal bars
204,2052159,Sugar Honey Pokey,Sugar-free,Cereal bars
205,2062258,Peanut Butter Honey Pokey,Super-flavour,Cereal box
206,2072395,Chocos Honey Pokey,Sugar-free,Cereal bars
207,2083002,Coco Poops Honey Pokey,Sugar-free,Cereal bars
208,2093026,Cookies Honey Pokey,Sugar-free,Cereal bars
209,2103156,Crispy Rice Honey Pokey,Super-flavour,Cereal box
210,2113248,Crunch Berries Honey Pokey,Sugar-free,Cereal bars
211,2123330,Cornflakes Honey Pokey,Sugar-free,Cereal bars
212,2133347,Crunchy Bran Honey Pokey,Sugar-free,Cereal bars
213,2143385,Crunchy Nut Cornflakes Honey Pokey,Sugar-free,Cereal bars
214,2153392,Double Dip Crunch Honey Pokey,Sugar-free,Cereal bars
215,2163408,Fruit & Bran Honey Pokey,Sugar-free,Cereal bars
216,2173415,Fruit & Nut Honey Pokey,Sugar-free,Cereal bars
217,2183460,Golden Goals Honey Pokey,Sugar-free,Cereal bars
218,2193521,Gorilla Honey Pokey,Sugar-free,Cereal bars
219,2203538,Granola Honey Pokey,Sugar-free,Cereal bars
220,2213736,Grape-Nuts Honey Pokey,Sugar-free,Cereal bars
221,2223774,Cups Honey Pokey,Sugar-free,Cereal bars
222,2233781,Puffs Honey Pokey,Sugar-free,Cereal bars
223,2243804,Stars Honey Pokey,Sugar-free,Cereal bars
224,2253811,Crunch Life Honey Pokey,Sugar-free,Cereal bars
225,2263828,Lucjy Charms Honey Pokey,Sugar-free,Cereal bars
226,2273842,Muesli Honey Pokey,Sugar-free,Cereal bars
227,2283897,Grain Honey Pokey,Sugar-free,Cereal bars
228,2293903,Squares Honey Pokey,Sugar-free,Cereal bars
229,2303934,Crisp Honey Pokey,Super-flavour,Cereal box
230,2314528,Toast Honey Pokey,Sugar-free,Cereal bars
231,2325099,Frosted Macadamia Nut,Sugar-free,Cereal bars
232,2335358,Nut Cheerios Macadamia Nut,Sugar-free,Cereal bars
233,2345426,MultiGrain Macadamia Nut,Sugar-free,Cereal bars
234,2355440,Crunch Macadamia Nut,Sugar-free,Cereal bars
235,2365457,Corn Macadamia Nut,Sugar-free,Cereal bars
236,2375464,Graham Macadamia Nut,Sugar-free,Cereal bars
237,2385471,Sugar Macadamia Nut,Sugar-free,Cereal bars
238,2395501,Peanut Butter Macadamia Nut,Sugar-free,Cereal bars
239,2405686,Chocos Macadamia Nut,Super-flavour,Cereal box
240,2415723,Coco Poops Macadamia Nut,Sugar-free,Cereal bars
241,2426041,Cookies Macadamia Nut,Sugar-free,Cereal bars
242,2436089,Crispy Rice Macadamia Nut,Sugar-free,Cereal bars
243,2446096,Crunch Berries Macadamia Nut,Sugar-free,Cereal bars
244,2456201,Cornflakes Macadamia Nut,Sugar-free,Cereal bars
245,2466225,Crunchy Bran Macadamia Nut,Sugar-free,Cereal bars
246,2476478,Crunchy Nut Cornflakes Macadamia Nut,Sugar-free,Cereal bars
247,2486737,Double Dip Crunch Macadamia Nut,Sugar-free,Cereal bars
248,2496812,Fruit & Bran Macadamia Nut,Super-flavour,Cereal box
249,2506850,Fruit & Nut Macadamia Nut,Sugar-free,Cereal bars
250,2516874,Golden Goals Macadamia Nut,Sugar-free,Cereal bars
251,2526881,Gorilla Macadamia Nut,Super-flavour,Cereal box
252,2536928,Granola Macadamia Nut,Sugar-free,Cereal bars
253,2547024,Grape-Nuts Macadamia Nut,Super-flavour,Cereal box
254,2557062,Cups Macadamia Nut,Super-flavour,Cereal box
255,2567277,Puffs Macadamia Nut,Super-flavour,Cereal box
256,2577284,Stars Macadamia Nut,Super-flavour,Cereal box
257,2587291,Crunch Life Macadamia Nut,Sugar-free,Cereal bars
258,2597475,Lucjy Charms Macadamia Nut,Sugar-free,Cereal bars
259,2607567,Muesli Macadamia Nut,Sugar-free,Cereal bars
260,2617574,Grain Macadamia Nut,Sugar-free,Cereal bars
261,2627758,Squares Macadamia Nut,Sugar-free,Cereal bars
262,2637765,Crisp Macadamia Nut,Sugar-free,Cereal bars
263,2647772,Toast Macadamia Nut,Sugar-free,Cereal bars
264,2657789,Frosted Kinda,Sugar-free,Cereal bars
265,2667796,Nut Cheerios Kinda,Sugar-free,Cereal bars
266,2677802,MultiGrain Kinda,Sugar-free,Cereal bars
267,2687918,Crunch Kinda,Sugar-free,Cereal bars
268,2698441,Corn Kinda,Sugar-free,Cereal bars
269,2708472,Graham Kinda,Sugar-free,Cereal bars
270,2718564,Sugar Kinda,Sugar-free,Cereal bars
271,2728625,Peanut Butter Kinda,Super-flavour,Cereal box
272,2738670,Chocos Kinda,Sugar-free,Cereal bars
273,2749127,Coco Poops Kinda,Sugar-free,Cereal bars
274,2759134,Cookies Kinda,Sugar-free,Cereal bars
275,2769141,Crispy Rice Kinda,Sugar-free,Cereal bars
276,2779158,Crunch Berries Kinda,Sugar-free,Cereal bars
277,2789219,Cornflakes Kinda,Sugar-free,Cereal bars
278,2799608,Crunchy Bran Kinda,Sugar-free,Cereal bars
279,2809615,Crunchy Nut Cornflakes Kinda,Sugar-free,Cereal bars
280,2819622,Double Dip Crunch Kinda,Sugar-free,Cereal bars
281,2829714,Fruit & Bran Kinda,Sugar-free,Cereal bars
282,2830666,Fruit & Nut Kinda,Sugar-free,Cereal bars
283,2841113,Golden Goals Kinda,Sugar-free,Cereal bars
284,2851144,Gorilla Kinda,Sugar-free,Cereal bars
285,2862073,Granola Kinda,Sugar-free,Cereal bars
286,2874398,Grape-Nuts Kinda,Sugar-free,Cereal bars
287,2884404,Cups Kinda,Super-flavour,Cereal box
288,2894442,Puffs Kinda,Sugar-free,Cereal bars
289,2904770,Stars Kinda,Sugar-free,Cereal bars
290,2914961,Crunch Life Kinda,Super-flavour,Cereal box
291,2925210,Lucjy Charms Kinda,Sugar-free,Cereal bars
292,2935357,Muesli Kinda,Sugar-free,Cereal bars
293,2945760,Grain Kinda,Sugar-free,Cereal bars
294,2956811,Squares Kinda,Sugar-free,Cereal bars
295,2966828,Crisp Kinda,Sugar-free,Cereal bars
296,2976835,Toast Kinda,Sugar-free,Cereal bars
297,2986873,Frosted Caramel,Sugar-free,Cereal bars
298,2997047,Nut Cheerios Caramel,Sugar-free,Cereal bars
299,3007054,MultiGrain Caramel,Sugar-free,Cereal bars
300,3017061,Crunch Caramel,Sugar-free,Cereal bars
301,3027078,Corn Caramel,Sugar-free,Cereal bars
302,3037092,Graham Caramel,Sugar-free,Cereal bars
303,3047665,Sugar Caramel,Super-flavour,Cereal box
304,3057771,Peanut Butter Caramel,Super-flavour,Cereal box
305,3068310,Chocos Caramel,Sugar-free,Cereal bars
306,3078327,Coco Poops Caramel,Sugar-free,Cereal bars
307,3088419,Cookies Caramel,Sugar-free,Cereal bars
308,3098440,Crispy Rice Caramel,Sugar-free,Cereal bars
309,3108464,Crunch Berries Caramel,Sugar-free,Cereal bars
310,3118495,Cornflakes Caramel,Sugar-free,Cereal bars
311,3128518,Crunchy Bran Caramel,Sugar-free,Cereal bars
312,3138549,Crunchy Nut Cornflakes Caramel,Sugar-free,Cereal bars
313,3148556,Double Dip Crunch Caramel,Sugar-free,Cereal bars
314,3158624,Fruit & Bran Caramel,Sugar-free,Cereal bars
315,3168631,Fruit & Nut Caramel,Sugar-free,Cereal bars
316,3178648,Golden Goals Caramel,Sugar-free,Cereal bars
317,3180160,Gorilla Caramel,Sugar-free,Cereal bars
318,3190177,Granola Caramel,Sugar-free,Cereal bars
319,3200245,Grape-Nuts Caramel,Super-flavour,Cereal box
320,3210252,Cups Caramel,Super-flavour,Cereal box
321,3220672,Puffs Caramel,Sugar-free,Cereal bars
322,3230757,Stars Caramel,Sugar-free,Cereal bars
323,3240771,Crunch Life Caramel,Sugar-free,Cereal bars
324,3250955,Lucjy Charms Caramel,Sugar-free,Cereal bars
325,3260962,Muesli Caramel,Sugar-free,Cereal bars
326,3270979,Grain Caramel,Sugar-free,Cereal bars
327,3280986,Squares Caramel,Sugar-free,Cereal bars
328,3291242,Crisp Caramel,Sugar-free,Cereal bars
329,3302274,Toast Caramel,Sugar-free,Cereal bars
330,3310132,Frosted Caramel Fudge,Sugar-free,Cereal bars
331,3320231,Nut Cheerios Caramel Fudge,Sugar-free,Cereal bars
332,3330514,MultiGrain Caramel Fudge,Sugar-free,Cereal bars
333,3340521,Crunch Caramel Fudge,Sugar-free,Cereal bars
334,3350083,Corn Caramel Fudge,Super-flavour,Cereal box
335,3360144,Graham Caramel Fudge,Sugar-free,Cereal bars
336,3370151,Sugar Caramel Fudge,Sugar-free,Cereal bars
337,3380168,Peanut Butter Caramel Fudge,Sugar-free,Cereal bars
338,3390010,Chocos Caramel Fudge,Sugar-free,Cereal bars
339,3400027,Coco Poops Caramel Fudge,Sugar-free,Cereal bars
340,3410082,Cookies Caramel Fudge,Sugar-free,Cereal bars
341,3420099,Crispy Rice Caramel Fudge,Sugar-free,Cereal bars
342,3430105,Crunch Berries Caramel Fudge,Sugar-free,Cereal bars
343,3440617,Cornflakes Caramel Fudge,Super-flavour,Cereal box
344,3450631,Crunchy Bran Caramel Fudge,Super-flavour,Cereal box
345,3460679,Crunchy Nut Cornflakes Caramel Fudge,Super-flavour,Cereal box
346,3470716,Double Dip Crunch Caramel Fudge,Super-flavour,Cereal box
347,3480891,Fruit & Bran Caramel Fudge,Super-flavour,Cereal box
348,3490907,Fruit & Nut Caramel Fudge,Super-flavour,Cereal box
349,3501010,Golden Goals Caramel Fudge,Super-flavour,Cereal box
350,3511096,Gorilla Caramel Fudge,Super-flavour,Cereal box
351,3521478,Granola Caramel Fudge,Sugar-free,Cereal bars
352,3531669,Grape-Nuts Caramel Fudge,Sugar-free,Cereal bars
353,3541713,Cups Caramel Fudge,Sugar-free,Cereal bars
354,3551744,Puffs Caramel Fudge,Sugar-free,Cereal bars
355,3561768,Stars Caramel Fudge,Sugar-free,Cereal bars
356,3571904,Crunch Life Caramel Fudge,Sugar-free,Cereal bars
357,3581911,Lucjy Charms Caramel Fudge,Sugar-free,Cereal bars
358,3592123,Muesli Caramel Fudge,Sugar-free,Cereal bars
359,3602147,Grain Caramel Fudge,Sugar-free,Cereal bars
360,3612277,Squares Caramel Fudge,Sugar-free,Cereal bars
361,3622468,Crisp Caramel Fudge,Super-flavour,Cereal box
362,3632482,Toast Caramel Fudge,Super-flavour,Cereal box
363,3642727,Frosted Caramel Macadamia,Super-flavour,Cereal box
364,3654769,Nut Cheerios Caramel Macadamia,Super-flavour,Cereal box
365,3664783,MultiGrain Caramel Macadamia,Super-flavour,Cereal box
366,3674837,Crunch Caramel Macadamia,Super-flavour,Cereal box
367,3684905,Corn Caramel Macadamia,Super-flavour,Cereal box
368,3696855,Graham Caramel Macadamia,Super-flavour,Cereal box
369,3708743,Sugar Caramel Macadamia,Sugar-free,Cereal bars
370,3712078,Peanut Butter Caramel Macadamia,Super-flavour,Cereal box
371,3722085,Chocos Caramel Macadamia,Super-flavour,Cereal box
372,3736618,Coco Poops Caramel Macadamia,Super-flavour,Cereal box
373,3746663,Cookies Caramel Macadamia,Super-flavour,Cereal box
374,3756670,Crispy Rice Caramel Macadamia,Super-flavour,Cereal box
375,3761605,Crunch Berries Caramel Macadamia,Super-flavour,Cereal box
376,3771612,Cornflakes Caramel Macadamia,Super-flavour,Cereal box
377,3787091,Crunchy Bran Caramel Macadamia,Super-flavour,Cereal box
378,3797152,Crunchy Nut Cornflakes Caramel Macadamia,Super-flavour,Cereal box
379,3808012,Double Dip Crunch Caramel Macadamia,Super-flavour,Cereal box
380,3818029,Fruit & Bran Caramel Macadamia,Super-flavour,Cereal box
381,3828180,Fruit & Nut Caramel Macadamia,Super-flavour,Cereal box
382,3831081,Golden Goals Caramel Macadamia,Super-flavour,Cereal box
383,3847152,Gorilla Caramel Macadamia,Super-flavour,Cereal box
384,3854011,Granola Caramel Macadamia,Super-flavour,Cereal box
385,3864028,Grape-Nuts Caramel Macadamia,Super-flavour,Cereal box
386,3874479,Cups Caramel Macadamia,Super-flavour,Cereal box
387,3880019,Puffs Caramel Macadamia,Sugar-free,Cereal bars
388,3890026,Stars Caramel Macadamia,Sugar-free,Cereal bars
389,3900156,Crunch Life Caramel Macadamia,Sugar-free,Cereal bars
390,3910293,Lucjy Charms Caramel Macadamia,Sugar-free,Cereal bars
391,3920217,Muesli Caramel Macadamia,Sugar-free,Cereal bars
392,3932501,Grain Caramel Macadamia,Sugar-free,Cereal bars
393,3942518,Squares Caramel Macadamia,Sugar-free,Cereal bars
394,3952333,Crisp Caramel Macadamia,Sugar-free,Cereal bars
395,3962609,Toast Caramel Macadamia,Sugar-free,Cereal bars
396,3972616,Frosted Chocolate,Sugar-free,Cereal bars
397,3982715,Nut Cheerios Chocolate,Sugar-free,Cereal bars
398,3992722,MultiGrain Chocolate,Sugar-free,Cereal bars
399,4002739,Crunch Chocolate,Sugar-free,Cereal bars
400,4012746,Corn Chocolate,Sugar-free,Cereal bars
401,4022814,Graham Chocolate,Sugar-free,Cereal bars
402,4032821,Sugar Chocolate,Sugar-free,Cereal bars
403,4042845,Peanut Butter Chocolate,Sugar-free,Cereal bars
404,4052951,Chocos Chocolate,Sugar-free,Cereal bars
405,4062975,Coco Poops Chocolate,Sugar-free,Cereal bars
406,4070120,Cookies Chocolate,Sugar-free,Cereal bars
407,4080144,Crispy Rice Chocolate,Sugar-free,Cereal bars
408,4090198,Crunch Berries Chocolate,Super-flavour,Cereal box
409,4100211,Cornflakes Chocolate,Super-flavour,Cereal box
410,4110303,Crunchy Bran Chocolate,Sugar-free,Cereal bars
411,4120327,Crunchy Nut Cornflakes Chocolate,Sugar-free,Cereal bars
412,4130341,Double Dip Crunch Chocolate,Sugar-free,Cereal bars
413,4141331,Fruit & Bran Chocolate,Super-flavour,Cereal box
414,4151348,Fruit & Nut Chocolate,Super-flavour,Cereal box
415,4161386,Golden Goals Chocolate,Super-flavour,Cereal box
416,4172475,Gorilla Chocolate,Super-flavour,Cereal box
417,4182482,Granola Chocolate,Super-flavour,Cereal box
418,4192499,Grape-Nuts Chocolate,Super-flavour,Cereal box
419,4209005,Cups Chocolate,Sugar-free,Cereal bars
420,4210995,Puffs Chocolate,Sugar-free,Cereal bars
421,4220015,Stars Chocolate,Sugar-free,Cereal bars
422,4230022,Crunch Life Chocolate,Sugar-free,Cereal bars
423,4240039,Lucjy Charms Chocolate,Sugar-free,Cereal bars
424,4250046,Muesli Chocolate,Sugar-free,Cereal bars
425,4260053,Grain Chocolate,Sugar-free,Cereal bars
426,4270121,Squares Chocolate,Super-flavour,Cereal box
427,4280244,Crisp Chocolate,Super-flavour,Cereal box
428,4290336,Toast Chocolate,Super-flavour,Cereal box
429,4300343,Frosted Mango Peach,Super-flavour,Cereal box
430,4310701,Nut Cheerios Mango Peach,Sugar-free,Cereal bars
431,4320718,MultiGrain Mango Peach,Sugar-free,Cereal bars
432,4330800,Crunch Mango Peach,Sugar-free,Cereal bars
433,4340985,Corn Mango Peach,Sugar-free,Cereal bars
434,4351043,Graham Mango Peach,Sugar-free,Cereal bars
435,4361050,Sugar Mango Peach,Sugar-free,Cereal bars
436,4371364,Peanut Butter Mango Peach,Super-flavour,Cereal box
437,4381425,Chocos Mango Peach,Sugar-free,Cereal bars
438,4391449,Coco Poops Mango Peach,Sugar-free,Cereal bars
439,4401524,Cookies Mango Peach,Sugar-free,Cereal bars
440,4412040,Crispy Rice Mango Peach,Sugar-free,Cereal bars
441,4422187,Crunch Berries Mango Peach,Sugar-free,Cereal bars
442,4432194,Cornflakes Mango Peach,Sugar-free,Cereal bars
443,4442378,Crunchy Bran Mango Peach,Sugar-free,Cereal bars
444,4452545,Crunchy Nut Cornflakes Mango Peach,Sugar-free,Cereal bars
445,4463092,Double Dip Crunch Mango Peach,Sugar-free,Cereal bars
446,4473122,Fruit & Bran Mango Peach,Sugar-free,Cereal bars
447,4483207,Fruit & Nut Mango Peach,Sugar-free,Cereal bars
448,4493733,Golden Goals Mango Peach,Super-flavour,Cereal box
449,4503771,Gorilla Mango Peach,Sugar-free,Cereal bars
450,4513917,Granola Mango Peach,Sugar-free,Cereal bars
451,4523924,Grape-Nuts Mango Peach,Super-flavour,Cereal box
452,4533931,Cups Mango Peach,Super-flavour,Cereal box
453,4543948,Puffs Mango Peach,Super-flavour,Cereal box
454,4554143,Stars Mango Peach,Sugar-free,Cereal bars
455,4564334,Crunch Life Mango Peach,Sugar-free,Cereal bars
456,4574433,Lucjy Charms Mango Peach,Sugar-free,Cereal bars
457,4584464,Muesli Mango Peach,Sugar-free,Cereal bars
458,4594501,Grain Mango Peach,Sugar-free,Cereal bars
459,4604976,Squares Mango Peach,Sugar-free,Cereal bars
460,4615034,Crisp Mango Peach,Sugar-free,Cereal bars
461,4625287,Toast Mango Peach,Super-flavour,Cereal box
462,4635546,Frosted Chocolate Choc Chip,Sugar-free,Cereal bars
463,4645560,Nut Cheerios Chocolate Choc Chip,Sugar-free,Cereal bars
464,4655669,MultiGrain Chocolate Choc Chip,Super-flavour,Cereal box
465,4665676,Crunch Chocolate Choc Chip,Super-flavour,Cereal box
466,4675706,Corn Chocolate Choc Chip,Sugar-free,Cereal bars
467,4685881,Graham Chocolate Choc Chip,Sugar-free,Cereal bars
468,4697052,Sugar Chocolate Choc Chip,Super-flavour,Cereal box
469,4709131,Peanut Butter Chocolate Choc Chip,Sugar-free,Cereal bars
470,4719179,Chocos Chocolate Choc Chip,Sugar-free,Cereal bars
471,4729193,Coco Poops Chocolate Choc Chip,Sugar-free,Cereal bars
472,4739414,Cookies Chocolate Choc Chip,Super-flavour,Cereal box
473,4749421,Crispy Rice Chocolate Choc Chip,Super-flavour,Cereal box
474,4759438,Crunch Berries Chocolate Choc Chip,Super-flavour,Cereal box
475,4769520,Cornflakes Chocolate Choc Chip,Super-flavour,Cereal box
476,4779537,Crunchy Bran Chocolate Choc Chip,Super-flavour,Cereal box
477,4789544,Crunchy Nut Cornflakes Chocolate Choc Chip,Super-flavour,Cereal box
478,4799551,Double Dip Crunch Chocolate Choc Chip,Super-flavour,Cereal box
479,4809797,Fruit & Bran Chocolate Choc Chip,Sugar-free,Cereal bars
480,4819810,Fruit & Nut Chocolate Choc Chip,Sugar-free,Cereal bars
481,4829827,Golden Goals Chocolate Choc Chip,Sugar-free,Cereal bars
482,4833271,Gorilla Chocolate Choc Chip,Super-flavour,Cereal box
483,4845541,Granola Chocolate Choc Chip,Super-flavour,Cereal box
484,4857257,Grape-Nuts Chocolate Choc Chip,Sugar-free,Cereal bars
485,4868445,Cups Chocolate Choc Chip,Super-flavour,Cereal box
486,4875184,Puffs Chocolate Choc Chip,Super-flavour,Cereal box
487,4886570,Stars Chocolate Choc Chip,Super-flavour,Cereal box
488,4890874,Crunch Life Chocolate Choc Chip,Super-flavour,Cereal box
489,4900911,Lucjy Charms Chocolate Choc Chip,Super-flavour,Cereal box
490,4914321,Muesli Chocolate Choc Chip,Super-flavour,Cereal box
491,4926110,Grain Chocolate Choc Chip,Super-flavour,Cereal box
492,4938121,Squares Chocolate Choc Chip,Sugar-free,Cereal bars
493,4948138,Crisp Chocolate Choc Chip,Sugar-free,Cereal bars
494,4952876,Toast Chocolate Choc Chip,Sugar-free,Cereal bars
495,4965430,Frosted Orio,Super-flavour,Cereal box
496,4972193,Nut Cheerios Orio,Super-flavour,Cereal box
497,4982230,MultiGrain Orio,Super-flavour,Cereal box
498,4992384,Crunch Orio,Super-flavour,Cereal box
499,5007624,Corn Orio,Sugar-free,LECHES UHT
500,5017938,Graham Orio,Super-flavour,Cereal box
501,5027289,Sugar Orio,Super-flavour,Cereal box
502,5030032,Peanut Butter Orio,Sugar-free,Cereal box
503,5040049,Chocos Orio,Sugar-free,Cereal box
504,5050087,Coco Poops Orio,Sugar-free,Cereal box
505,5068749,Cookies Orio,Super-flavour,Cereal box
506,5071062,Crispy Rice Orio,Super-flavour,Cereal box
507,5082045,Crunch Berries Orio,Super-flavour,Cereal box
508,5092052,Cornflakes Orio,Super-flavour,Cereal box
509,5103035,Crunchy Bran Orio,Super-flavour,Cereal box
510,5113042,Crunchy Nut Cornflakes Orio,Super-flavour,Cereal box
511,5123059,Double Dip Crunch Orio,Super-flavour,Cereal box
512,5133110,Fruit & Bran Orio,Super-flavour,Cereal box
513,5144025,Fruit & Nut Orio,Super-flavour,Cereal box
514,5151513,Golden Goals Orio,Sugar-free,Cereal box
515,5161520,Gorilla Orio,Sugar-free,Cereal box
516,5171537,Granola Orio,Sugar-free,Cereal box
517,5181544,Grape-Nuts Orio,Sugar-free,Cereal box
518,5191575,Cups Orio,Sugar-free,Cereal box
519,5200218,Puffs Orio,Sugar-free,Cereal box
520,5210263,Stars Orio,Sugar-free,Cereal box
521,5222907,Crunch Life Orio,Sugar-free,Cereal box
522,5230077,Lucjy Charms Orio,Sugar-free,Cereal box
523,5240084,Muesli Orio,Sugar-free,Cereal box
524,5250114,Grain Orio,Sugar-free,Cereal box
525,5260176,Squares Orio,Sugar-free,Cereal box
526,5270268,Crisp Orio,Sugar-free,Cereal box
527,5280619,Toast Orio,Sugar-free,Cereal box
528,5290909,Frosted Passionfruit,Sugar-free,Cereal box
529,5300930,Nut Cheerios Passionfruit,Sugar-free,Cereal box
530,5310961,MultiGrain Passionfruit,Sugar-free,Cereal box
531,5321050,Crunch Passionfruit,Sugar-free,Cereal box
532,5332149,Corn Passionfruit,Sugar-free,Cereal box
533,5342156,Graham Passionfruit,Sugar-free,Cereal box
534,5352200,Sugar Passionfruit,Sugar-free,Cereal box
535,5362361,Peanut Butter Passionfruit,Super-flavour,Cereal box
536,5372781,Chocos Passionfruit,Sugar-free,Cereal box
537,5382880,Coco Poops Passionfruit,Sugar-free,Cereal box
538,5392927,Cookies Passionfruit,Sugar-free,Cereal box
539,5402941,Crispy Rice Passionfruit,Sugar-free,Cereal box
540,5412958,Crunch Berries Passionfruit,Sugar-free,Cereal box
541,5422965,Cornflakes Passionfruit,Sugar-free,Cereal box
542,5432972,Crunchy Bran Passionfruit,Sugar-free,Cereal box
543,5443061,Crunchy Nut Cornflakes Passionfruit,Super-flavour,Cereal box
544,5453450,Double Dip Crunch Passionfruit,Sugar-free,Cereal box
545,5460007,Fruit & Bran Passionfruit,Sugar-free,Cereal box
546,5470021,Fruit & Nut Passionfruit,Sugar-free,Cereal box
547,5480038,Golden Goals Passionfruit,Sugar-free,Cereal box
548,5490052,Gorilla Passionfruit,Sugar-free,Cereal box
549,5500083,Granola Passionfruit,Sugar-free,Cereal box
550,5510090,Grape-Nuts Passionfruit,Sugar-free,Cereal box
551,5520212,Cups Passionfruit,Sugar-free,Cereal box
552,5530762,Puffs Passionfruit,Sugar-free,Cereal box
553,5541005,Stars Passionfruit,Sugar-free,Cereal box
554,5551043,Crunch Life Passionfruit,Sugar-free,Cereal box
555,5561111,Lucjy Charms Passionfruit,Sugar-free,Cereal box
556,5571166,Muesli Passionfruit,Sugar-free,Cereal box
557,5581020,Grain Passionfruit,Super-flavour,Cereal box
558,5591037,Squares Passionfruit,Super-flavour,Cereal box
559,5601075,Crisp Passionfruit,Super-flavour,Cereal box
560,5611082,Toast Passionfruit,Super-flavour,Cereal box
561,5621099,Frosted Coconut,Super-flavour,Cereal box
562,5630173,Nut Cheerios Coconut,Super-flavour,Cereal box
563,5640449,MultiGrain Coconut,Super-flavour,Cereal box
564,5658737,Crunch Coconut,Super-flavour,Cereal box
565,5661029,Corn Coconut,Sugar-free,Cereal box
566,5671050,Graham Coconut,Sugar-free,Cereal box
567,5681067,Sugar Coconut,Sugar-free,Cereal box
568,5691081,Peanut Butter Coconut,Sugar-free,Cereal box
569,5701098,Chocos Coconut,Sugar-free,Cereal box
570,5711104,Coco Poops Coconut,Sugar-free,Cereal box
571,5721111,Cookies Coconut,Sugar-free,Cereal box
572,5731135,Crispy Rice Coconut,Sugar-free,Cereal box
573,5741159,Crunch Berries Coconut,Sugar-free,Cereal box
574,5751173,Cornflakes Coconut,Sugar-free,Cereal box
575,5761180,Crunchy Bran Coconut,Sugar-free,Cereal box
576,5771197,Crunchy Nut Cornflakes Coconut,Sugar-free,Cereal box
577,5781203,Double Dip Crunch Coconut,Sugar-free,Cereal box
578,5791234,Fruit & Bran Coconut,Sugar-free,Cereal box
579,5801265,Fruit & Nut Coconut,Sugar-free,Cereal box
580,5811272,Golden Goals Coconut,Sugar-free,Cereal box
581,5821302,Gorilla Coconut,Sugar-free,Cereal box
582,5831340,Granola Coconut,Sugar-free,Cereal box
583,5841364,Grape-Nuts Coconut,Sugar-free,Cereal box
584,5851906,Cups Coconut,Sugar-free,Cereal box
585,5861913,Puffs Coconut,Sugar-free,Cereal box
586,5872668,Stars Coconut,Sugar-free,Cereal box
587,5882736,Crunch Life Coconut,Sugar-free,Cereal box
588,5892989,Lucjy Charms Coconut,Sugar-free,Cereal box
589,5902996,Muesli Coconut,Sugar-free,Cereal box
590,5913108,Grain Coconut,Sugar-free,Cereal box
591,5923115,Squares Coconut,Sugar-free,Cereal box
592,5933122,Crisp Coconut,Sugar-free,Cereal box
593,5943139,Toast Coconut,Sugar-free,Cereal box
594,5954051,Frosted Coffee,Sugar-free,Cereal box
595,5964259,Nut Cheerios Coffee,Super-flavour,Cereal box
596,5974297,MultiGrain Coffee,Super-flavour,Cereal box
597,5984303,Crunch Coffee,Super-flavour,Cereal box
598,5994310,Corn Coffee,Super-flavour,Cereal box
599,6004365,Graham Coffee,Super-flavour,Cereal box
600,6014426,Sugar Coffee,Sugar-free,Cereal box
601,6024471,Peanut Butter Coffee,Sugar-free,Cereal box
602,6034488,Chocos Coffee,Sugar-free,Cereal box
603,6044495,Coco Poops Coffee,Sugar-free,Cereal box
604,6054501,Cookies Coffee,Sugar-free,Cereal box
605,6064518,Crispy Rice Coffee,Sugar-free,Cereal box
606,6074617,Crunch Berries Coffee,Sugar-free,Cereal box
607,6084648,Cornflakes Coffee,Sugar-free,Cereal box
608,6094655,Crunchy Bran Coffee,Sugar-free,Cereal box
609,6104662,Crunchy Nut Cornflakes Coffee,Sugar-free,Cereal box
610,6110500,Double Dip Crunch Coffee,Sugar-free,Cereal box
611,6120017,Fruit & Bran Coffee,Super-flavour,Cereal box
612,6130024,Fruit & Nut Coffee,Super-flavour,Cereal box
613,6140055,Golden Goals Coffee,Super-flavour,Cereal box
614,6150062,Gorilla Coffee,Super-flavour,Cereal box
615,6160116,Granola Coffee,Sugar-free,Cereal box
616,6170208,Grape-Nuts Coffee,Sugar-free,Cereal box
617,6180215,Cups Coffee,Sugar-free,Cereal box
618,6190222,Puffs Coffee,Sugar-free,Cereal box
619,6202011,Stars Coffee,Sugar-free,Cereal box
620,6212416,Crunch Life Coffee,Sugar-free,Cereal box
621,6223222,Lucjy Charms Coffee,Sugar-free,Cereal box
622,6233246,Muesli Coffee,Sugar-free,Cereal box
623,6243253,Grain Coffee,Sugar-free,Cereal box
624,6254120,Squares Coffee,Sugar-free,Cereal box
625,6261418,Crisp Coffee,Sugar-free,Cereal box
626,6271425,Toast Coffee,Sugar-free,Cereal box
627,6281449,Frosted Pineapple,Sugar-free,Cereal box
628,6290019,Nut Cheerios Pineapple,Sugar-free,Cereal box
629,6301005,MultiGrain Pineapple,Sugar-free,Cereal box
630,6311012,Crunch Pineapple,Sugar-free,Cereal box
631,6321029,Corn Pineapple,Sugar-free,Cereal box
632,6331036,Graham Pineapple,Sugar-free,Cereal box
633,6341043,Sugar Pineapple,Sugar-free,Cereal box
634,6351050,Peanut Butter Pineapple,Sugar-free,Cereal box
635,6361173,Chocos Pineapple,Sugar-free,Cereal box
636,6371319,Coco Poops Pineapple,Sugar-free,Cereal box
637,6381326,Cookies Pineapple,Sugar-free,Cereal box
638,6391401,Crispy Rice Pineapple,Sugar-free,Cereal box
639,6401418,Crunch Berries Pineapple,Sugar-free,Cereal box
640,6411555,Cornflakes Pineapple,Sugar-free,Cereal box
641,6421562,Crunchy Bran Pineapple,Sugar-free,Cereal box
642,6431609,Crunchy Nut Cornflakes Pineapple,Sugar-free,Cereal box
643,6441616,Double Dip Crunch Pineapple,Sugar-free,Cereal box
644,6451623,Fruit & Bran Pineapple,Sugar-free,Cereal box
645,6461654,Fruit & Nut Pineapple,Sugar-free,Cereal box
646,6471661,Golden Goals Pineapple,Sugar-free,Cereal box
647,6481678,Gorilla Pineapple,Sugar-free,Cereal box
648,6491777,Granola Pineapple,Sugar-free,Cereal box
649,6501791,Grape-Nuts Pineapple,Sugar-free,Cereal box
650,6511906,Cups Pineapple,Sugar-free,Cereal box
651,6521913,Puffs Pineapple,Sugar-free,Cereal box
652,6531937,Stars Pineapple,Sugar-free,Cereal box
653,6542018,Crunch Life Pineapple,Super-flavour,Cereal box
654,6552025,Lucjy Charms Pineapple,Super-flavour,Cereal box
655,6560146,Muesli Pineapple,Sugar-free,Cereal box
656,6578033,Grain Pineapple,Super-flavour,Cereal box
657,6581000,Squares Pineapple,Sugar-free,Cereal box
658,6591024,Crisp Pineapple,Sugar-free,Cereal box
659,6601048,Toast Pineapple,Sugar-free,Cereal box
660,6611062,Frosted Almond,Sugar-free,Cereal box
661,6621079,Nut Cheerios Almond,Sugar-free,Cereal box
662,6631116,MultiGrain Almond,Sugar-free,Cereal box
663,6641123,Crunch Almond,Sugar-free,Cereal box
664,6651130,Corn Almond,Sugar-free,Cereal box
665,6661154,Graham Almond,Sugar-free,Cereal box
666,6671178,Sugar Almond,Sugar-free,Cereal box
667,6681185,Peanut Butter Almond,Sugar-free,Cereal box
668,6691192,Chocos Almond,Sugar-free,Cereal box
669,6701376,Coco Poops Almond,Sugar-free,Cereal box
670,6711383,Cookies Almond,Sugar-free,Cereal box
671,6721406,Crispy Rice Almond,Sugar-free,Cereal box
672,6731482,Crunch Berries Almond,Sugar-free,Cereal box
673,6741499,Cornflakes Almond,Sugar-free,Cereal box
674,6751505,Crunchy Bran Almond,Sugar-free,Cereal box
675,6761918,Crunchy Nut Cornflakes Almond,Sugar-free,Cereal box
676,6771925,Double Dip Crunch Almond,Sugar-free,Cereal box
677,6782021,Fruit & Bran Almond,Sugar-free,Cereal box
678,6792045,Fruit & Nut Almond,Sugar-free,Cereal box
679,6802113,Golden Goals Almond,Sugar-free,Cereal box
680,6812120,Gorilla Almond,Sugar-free,Cereal box
681,6822144,Granola Almond,Sugar-free,Cereal box
682,6832199,Grape-Nuts Almond,Sugar-free,Cereal box
683,6842205,Cups Almond,Sugar-free,Cereal box
684,6852229,Puffs Almond,Sugar-free,Cereal box
685,6862298,Stars Almond,Sugar-free,Cereal box
686,6873042,Crunch Life Almond,Sugar-free,Cereal box
687,6883073,Lucjy Charms Almond,Sugar-free,Cereal box
688,6893080,Muesli Almond,Sugar-free,Cereal box
689,6903110,Grain Almond,Sugar-free,Cereal box
690,6914018,Squares Almond,Sugar-free,Cereal box
691,6924100,Crisp Almond,Sugar-free,Cereal box
692,6934131,Toast Almond,Super-flavour,Cereal box
693,6944179,Frosted Fruity,Sugar-free,Cereal box
694,6954186,Nut Cheerios Fruity,Sugar-free,Cereal box
695,6964193,MultiGrain Fruity,Sugar-free,Cereal box
696,6974216,Crunch Fruity,Sugar-free,Cereal box
697,6984223,Corn Fruity,Sugar-free,Cereal box
698,6994230,Graham Fruity,Sugar-free,Cereal box
699,7004292,Sugar Fruity,Sugar-free,Cereal box
700,7014315,Peanut Butter Fruity,Sugar-free,Cereal box
701,7024353,Chocos Fruity,Sugar-free,Cereal box
702,7034414,Coco Poops Fruity,Sugar-free,Cereal box
703,7044490,Cookies Fruity,Sugar-free,Cereal box
704,7054742,Crispy Rice Fruity,Sugar-free,Cereal box
705,7064759,Crunch Berries Fruity,Sugar-free,Cereal box
706,7074766,Cornflakes Fruity,Sugar-free,Cereal box
707,7084773,Crunchy Bran Fruity,Sugar-free,Cereal box
708,7097088,Crunchy Nut Cornflakes Fruity,Super-flavour,Cereal box
709,7107101,Double Dip Crunch Fruity,Super-flavour,Cereal box
710,7117118,Fruit & Bran Fruity,Super-flavour,Cereal box
711,7127125,Fruit & Nut Fruity,Super-flavour,Cereal box
712,7137309,Golden Goals Fruity,Sugar-free,Cereal box
713,7148023,Gorilla Fruity,Sugar-free,Cereal box
714,7158153,Granola Fruity,Super-flavour,Cereal box
715,7168627,Grape-Nuts Fruity,Sugar-free,Cereal box
716,7179020,Cups Fruity,Sugar-free,Cereal box
717,7189877,Puffs Fruity,Super-flavour,Cereal box
718,7199891,Stars Fruity,Super-flavour,Cereal box
719,7209804,Crunch Life Fruity,Super-flavour,Cereal box
720,7219811,Lucjy Charms Fruity,Super-flavour,Cereal box
721,7229828,Muesli Fruity,Super-flavour,Cereal box
722,7239972,Grain Fruity,Sugar-free,Cereal box
723,7240008,Squares Fruity,Sugar-free,Cereal box
724,7250480,Crisp Fruity,Sugar-free,Cereal box
725,7260565,Toast Fruity,Sugar-free,Cereal box
726,7270572,Frosted Vanilla,Sugar-free,Cereal box
727,7280589,Nut Cheerios Vanilla,Sugar-free,Cereal box
728,7290596,MultiGrain Vanilla,Sugar-free,Cereal box
729,7300602,Crunch Vanilla,Sugar-free,Cereal box
730,7311470,Corn Vanilla,Sugar-free,Cereal box
731,7321517,Graham Vanilla,Sugar-free,Cereal box
732,7331548,Sugar Vanilla,Sugar-free,Cereal box
733,7341579,Peanut Butter Vanilla,Sugar-free,Cereal box
734,7351586,Chocos Vanilla,Sugar-free,Cereal box
735,7361623,Coco Poops Vanilla,Sugar-free,Cereal box
736,7370021,Cookies Vanilla,Sugar-free,Cereal box
737,7380038,Crispy Rice Vanilla,Sugar-free,Cereal box
738,7390215,Crunch Berries Vanilla,Sugar-free,Cereal box
739,7400413,Cornflakes Vanilla,Sugar-free,Cereal box
740,7410833,Crunchy Bran Vanilla,Sugar-free,Cereal box
741,7421403,Crunchy Nut Cornflakes Vanilla,Sugar-free,Cereal box
742,7431410,Double Dip Crunch Vanilla,Sugar-free,Cereal box
743,7441427,Fruit & Bran Vanilla,Sugar-free,Cereal box
744,7451991,Fruit & Nut Vanilla,Sugar-free,Cereal box
745,7462042,Golden Goals Vanilla,Sugar-free,Cereal box
746,7472295,Gorilla Vanilla,Sugar-free,Cereal box
747,7482301,Granola Vanilla,Sugar-free,Cereal box
748,7492370,Grape-Nuts Vanilla,Sugar-free,Cereal box
749,7502493,Cups Vanilla,Sugar-free,Cereal box
750,7512554,Puffs Vanilla,Sugar-free,Cereal box
751,7522660,Stars Vanilla,Sugar-free,Cereal box
752,7532936,Crunch Life Vanilla,Sugar-free,Cereal box
753,7541216,Lucjy Charms Vanilla,Sugar-free,Cereal box
754,7552325,Muesli Vanilla,Sugar-free,Cereal box
755,7560023,Grain Vanilla,Sugar-free,Cereal box
756,7570047,Squares Vanilla,Sugar-free,Cereal box
757,7580061,Crisp Vanilla,Sugar-free,Cereal box
758,7590078,Toast Vanilla,Sugar-free,Cereal box
759,7600128,Frosted Pear,Super-flavour,Cereal box
760,7610004,Nut Cheerios Pear,Sugar-free,Cereal box
761,7620011,MultiGrain Pear,Sugar-free,Cereal box
762,7631797,Crunch Pear,Sugar-free,Cereal box
763,7641841,Corn Pear,Sugar-free,Cereal box
764,7651902,Graham Pear,Sugar-free,Cereal box
765,7661919,Sugar Pear,Sugar-free,Cereal box
766,7672060,Peanut Butter Pear,Sugar-free,Cereal box
767,7682169,Chocos Pear,Sugar-free,Cereal box
768,7692190,Coco Poops Pear,Sugar-free,Cereal box
769,7702206,Cookies Pear,Sugar-free,Cereal box
770,7710027,Crispy Rice Pear,Sugar-free,Cereal box
771,7720034,Crunch Berries Pear,Sugar-free,Cereal box
772,7730089,Cornflakes Pear,Sugar-free,Cereal box
773,7740126,Crunchy Bran Pear,Sugar-free,Cereal box
774,7750133,Crunchy Nut Cornflakes Pear,Sugar-free,Cereal box
775,7760140,Double Dip Crunch Pear,Sugar-free,Cereal box
776,7770157,Fruit & Bran Pear,Sugar-free,Cereal box
777,7780201,Fruit & Nut Pear,Sugar-free,Cereal box
778,7790607,Golden Goals Pear,Sugar-free,Cereal box
779,7800145,Gorilla Pear,Super-flavour,Cereal box
780,7810237,Granola Pear,Super-flavour,Cereal box
781,7820244,Grape-Nuts Pear,Super-flavour,Cereal box
782,7831012,Cups Pear,Sugar-free,Cereal box
783,7841197,Puffs Pear,Sugar-free,Cereal box
784,7851203,Stars Pear,Sugar-free,Cereal box
785,7862088,Crunch Life Pear,Sugar-free,Cereal box
786,7872125,Lucjy Charms Pear,Sugar-free,Cereal box
787,7883146,Muesli Pear,Sugar-free,Cereal box
788,7893184,Grain Pear,Sugar-free,Cereal box
789,7909111,Squares Pear,Super-flavour,Cereal box
790,7919685,Crisp Pear,Super-flavour,Cereal box
791,7929890,Toast Pear,Super-flavour,Cereal box
792,7932005,Frosted Bitter Almond,Super-flavour,Cereal box
793,7941604,Nut Cheerios Bitter Almond,Super-flavour,Cereal box
794,7952885,MultiGrain Bitter Almond,Super-flavour,Cereal box
795,7963790,Crunch Bitter Almond,Sugar-free,Cereal box
796,7973806,Corn Bitter Almond,Sugar-free,Cereal box
797,7983844,Graham Bitter Almond,Sugar-free,Cereal box
798,7993851,Sugar Bitter Almond,Sugar-free,Cereal box
799,8003943,Peanut Butter Bitter Almond,Sugar-free,Cereal box
800,8013950,Chocos Bitter Almond,Sugar-free,Cereal box
801,8025121,Coco Poops Bitter Almond,Super-flavour,Cereal box
802,8030013,Cookies Bitter Almond,Super-flavour,Cereal box
803,8040037,Crispy Rice Bitter Almond,Super-flavour,Cereal box
804,8050068,Crunch Berries Bitter Almond,Super-flavour,Cereal box
805,8060082,Cornflakes Bitter Almond,Super-flavour,Cereal box
806,8070099,Crunchy Bran Bitter Almond,Super-flavour,Cereal box
807,8080129,Crunchy Nut Cornflakes Bitter Almond,Super-flavour,Cereal box
808,8090017,Double Dip Crunch Bitter Almond,Sugar-free,Cereal box
809,8100031,Fruit & Bran Bitter Almond,Sugar-free,Cereal box
810,8110013,Fruit & Nut Bitter Almond,Sugar-free,Cereal box
811,8120051,Golden Goals Bitter Almond,Sugar-free,Cereal box
812,8130647,Gorilla Bitter Almond,Sugar-free,Cereal box
813,8140654,Granola Bitter Almond,Sugar-free,Cereal box
814,8150661,Grape-Nuts Bitter Almond,Sugar-free,Cereal box
815,8160678,Cups Bitter Almond,Sugar-free,Cereal box
816,8171262,Puffs Bitter Almond,Sugar-free,Cereal box
817,8181279,Stars Bitter Almond,Sugar-free,Cereal box
818,8190013,Crunch Life Bitter Almond,Sugar-free,Cereal box
819,8200020,Lucjy Charms Bitter Almond,Sugar-free,Cereal box
820,8210044,Muesli Bitter Almond,Sugar-free,Cereal box
821,8220082,Grain Bitter Almond,Sugar-free,Cereal box
822,8230112,Squares Bitter Almond,Sugar-free,Cereal box
823,8240129,Crisp Bitter Almond,Sugar-free,Cereal box
824,8250136,Toast Bitter Almond,Sugar-free,Cereal box
825,8260198,Frosted cherry,Sugar-free,Cereal box
826,8270273,Nut Cheerios cherry,Sugar-free,Cereal box
827,8280280,MultiGrain cherry,Sugar-free,Cereal box
828,8290297,Crunch cherry,Sugar-free,Cereal box
829,8300303,Corn cherry,Sugar-free,Cereal box
830,8310310,Graham cherry,Sugar-free,Cereal box
831,8320327,Sugar cherry,Sugar-free,Cereal box
832,8331010,Peanut Butter cherry,Sugar-free,Cereal box
833,8341041,Chocos cherry,Sugar-free,Cereal box
834,8351089,Coco Poops cherry,Sugar-free,Cereal box
835,8361096,Cookies cherry,Sugar-free,Cereal box
836,8371119,Crispy Rice cherry,Sugar-free,Cereal box
837,8382437,Crunch Berries cherry,Sugar-free,Cereal box
838,8392444,Cornflakes cherry,Sugar-free,Cereal box
839,8402451,Crunchy Bran cherry,Sugar-free,Cereal box
840,8412468,Crunchy Nut Cornflakes cherry,Sugar-free,Cereal box
841,8423014,Double Dip Crunch cherry,Sugar-free,Cereal box
842,8433021,Fruit & Bran cherry,Sugar-free,Cereal box
843,8442016,Fruit & Nut cherry,Sugar-free,Cereal box
844,8452030,Golden Goals cherry,Sugar-free,Cereal box
845,8462061,Gorilla cherry,Sugar-free,Cereal box
846,8472078,Granola cherry,Sugar-free,Cereal box
847,8480025,Grape-Nuts cherry,Super-flavour,Cereal box
848,8490027,Cups cherry,Sugar-free,Cereal box
849,8500034,Puffs cherry,Sugar-free,Cereal box
850,8510041,Stars cherry,Sugar-free,Cereal box
851,8520058,Crunch Life cherry,Sugar-free,Cereal box
852,8530065,Lucjy Charms cherry,Sugar-free,Cereal box
853,8540072,Muesli cherry,Sugar-free,Cereal box
854,8550126,Grain cherry,Sugar-free,Cereal box
855,8560607,Squares cherry,Sugar-free,Cereal box
856,8570614,Crisp cherry,Sugar-free,Cereal box
857,8580621,Toast cherry,Sugar-free,Cereal box
858,8590638,Frosted Grapy ,Sugar-free,Cereal box
859,8601116,Nut Cheerios Grapy ,Sugar-free,Cereal box
860,8611314,MultiGrain Grapy ,Sugar-free,Cereal box
861,8622113,Crunch Grapy ,Sugar-free,Cereal box
862,8632311,Corn Grapy ,Sugar-free,Cereal box
863,8643110,Graham Grapy ,Sugar-free,Cereal box
864,8655114,Sugar Grapy ,Sugar-free,Cereal box
865,8660026,Peanut Butter Grapy ,Sugar-free,Cereal box
866,8670033,Chocos Grapy ,Sugar-free,Cereal box
867,8680309,Coco Poops Grapy ,Sugar-free,Cereal box
868,8690316,Cookies Grapy ,Sugar-free,Cereal box
869,8700323,Crispy Rice Grapy ,Sugar-free,Cereal box
870,8710330,Crunch Berries Grapy ,Sugar-free,Cereal box
871,8723003,Cornflakes Grapy ,Sugar-free,Cereal box
872,8733010,Crunchy Bran Grapy ,Sugar-free,Cereal box
873,8743027,Crunchy Nut Cornflakes Grapy ,Sugar-free,Cereal box
874,8753034,Double Dip Crunch Grapy ,Sugar-free,Cereal box
875,8763065,Fruit & Bran Grapy ,Sugar-free,Cereal box
876,8770015,Fruit & Nut Grapy ,Super-flavour,Cereal box
877,8780022,Golden Goals Grapy ,Super-flavour,Cereal box
878,8790039,Gorilla Grapy ,Super-flavour,Cereal box
879,8800046,Granola Grapy ,Super-flavour,Cereal box
880,8810107,Grape-Nuts Grapy ,Super-flavour,Cereal box
881,8820156,Cups Grapy ,Sugar-free,Cereal box
882,8830021,Puffs Grapy ,Super-flavour,Cereal box
883,8840038,Stars Grapy ,Super-flavour,Cereal box
884,8850069,Crunch Life Grapy ,Super-flavour,Cereal box
885,8860137,Lucjy Charms Grapy ,Super-flavour,Cereal box
886,8872341,Muesli Grapy ,Sugar-free,Cereal box
887,8883703,Grain Grapy ,Sugar-free,Cereal box
888,8893710,Squares Grapy ,Sugar-free,Cereal box
889,8900010,Crisp Grapy ,Sugar-free,Cereal box
890,8910019,Toast Grapy ,Super-flavour,Cereal box
891,8920026,Frosted Cotton Candy,Super-flavour,Cereal box
892,8930013,Nut Cheerios Cotton Candy,Sugar-free,Cereal box
893,8940020,MultiGrain Cotton Candy,Sugar-free,Cereal box
894,8950044,Crunch Cotton Candy,Sugar-free,Cereal box
895,8960019,Corn Cotton Candy,Sugar-free,Cereal box
896,8970026,Graham Cotton Candy,Sugar-free,Cereal box
897,8980033,Sugar Cotton Candy,Sugar-free,Cereal box
898,8990293,Peanut Butter Cotton Candy,Sugar-free,Cereal box
899,9001111,Chocos Cotton Candy,Sugar-free,Cereal box
900,9011128,Coco Poops Cotton Candy,Sugar-free,Cereal box
901,9021135,Cookies Cotton Candy,Sugar-free,Cereal box
902,9031180,Crispy Rice Cotton Candy,Sugar-free,Cereal box
903,9045171,Crunch Berries Cotton Candy,Sugar-free,Cereal box
904,9050083,Cornflakes Cotton Candy,Sugar-free,Cereal box
905,9060090,Crunchy Bran Cotton Candy,Sugar-free,Cereal box
906,9072341,Crunchy Nut Cornflakes Cotton Candy,Sugar-free,Cereal box
907,9083453,Double Dip Crunch Cotton Candy,Sugar-free,Cereal box
908,9090017,Fruit & Bran Cotton Candy,Sugar-free,Cereal box
909,9100024,Fruit & Nut Cotton Candy,Sugar-free,Cereal box
910,9110009,Golden Goals Cotton Candy,Sugar-free,Cereal box
911,9120023,Gorilla Cotton Candy,Sugar-free,Cereal box
912,9136789,Granola Cotton Candy,Sugar-free,Cereal box
913,9141452,Grape-Nuts Cotton Candy,Sugar-free,Cereal box
914,9150018,Cups Cotton Candy,Sugar-free,Cereal box
915,9160025,Puffs Cotton Candy,Sugar-free,Cereal box
916,9170032,Stars Cotton Candy,Sugar-free,Cereal box
917,9180049,Crunch Life Cotton Candy,Sugar-free,Cereal box
918,9190056,Lucjy Charms Cotton Candy,Sugar-free,Cereal box
919,9200070,Muesli Cotton Candy,Sugar-free,Cereal box
920,9210148,Grain Cotton Candy,Sugar-free,Cereal box
921,9220285,Squares Cotton Candy,Sugar-free,Cereal box
922,9230292,Crisp Cotton Candy,Sugar-free,Cereal box
923,9240346,Toast Cotton Candy,Sugar-free,Cereal box
924,9250353,Frosted Mint,Sugar-free,Cereal box
925,9264152,Nut Cheerios Mint,Super-flavour,Cereal box
926,9274220,MultiGrain Mint,Sugar-free,Cereal box
927,9284237,Crunch Mint,Sugar-free,Cereal box
928,9294075,Corn Mint,Sugar-free,Cereal box
929,9307052,Graham Mint,Sugar-free,Cereal box
930,9313046,Sugar Mint,Sugar-free,Cereal box
931,9322108,Peanut Butter Mint,Super-flavour,Cereal box
932,9336069,Chocos Mint,Super-flavour,Cereal box
933,9342053,Coco Poops Mint,Sugar-free,Cereal box
934,9353074,Cookies Mint,Sugar-free,Cereal box
935,9363128,Crispy Rice Mint,Sugar-free,Cereal box
936,9373135,Crunch Berries Mint,Sugar-free,Cereal box
937,9381030,Cornflakes Mint,Sugar-free,Cereal box
938,9391047,Crunchy Bran Mint,Sugar-free,Cereal box
939,9401054,Crunchy Nut Cornflakes Mint,Sugar-free,Cereal box
940,9411061,Double Dip Crunch Mint,Sugar-free,Cereal box
941,9421078,Fruit & Bran Mint,Sugar-free,Cereal box
942,9432013,Fruit & Nut Mint,Sugar-free,Cereal box
943,9442068,Golden Goals Mint,Sugar-free,Cereal box
944,9450013,Gorilla Mint,Sugar-free,Cereal box
945,9460020,Granola Mint,Sugar-free,Cereal box
946,9470037,Grape-Nuts Mint,Sugar-free,Cereal box
947,9480051,Cups Mint,Sugar-free,Cereal box
948,9496646,Puffs Mint,Super-flavour,Cereal box
949,9508404,Stars Mint,Super-flavour,Cereal box
950,9510102,Crunch Life Mint,Sugar-free,Cereal box
951,9523065,Lucjy Charms Mint,Sugar-free,Cereal box
952,9533690,Muesli Mint,Sugar-free,Cereal box
953,9544468,Grain Mint,Sugar-free,Cereal box
954,9554727,Squares Mint,Sugar-free,Cereal box
955,9565106,Crisp Mint,Super-flavour,Cereal box
956,9575540,Toast Mint,Sugar-free,Cereal box
957,9585731,Frosted Black Raspberry,Sugar-free,Cereal box
958,9595779,Nut Cheerios Black Raspberry,Super-flavour,Cereal box
959,9606158,MultiGrain Black Raspberry,Sugar-free,Cereal box
960,9617599,Crunch Black Raspberry,Sugar-free,Cereal box
961,9627865,Corn Black Raspberry,Sugar-free,Cereal box
962,9637919,Graham Black Raspberry,Sugar-free,Cereal box
963,9647926,Sugar Black Raspberry,Sugar-free,Cereal box
964,9657933,Peanut Butter Black Raspberry,Sugar-free,Cereal box
965,9664946,Chocos Black Raspberry,Super-flavour,Cereal box
966,9675042,Coco Poops Black Raspberry,Super-flavour,Cereal box
967,9680525,Cookies Black Raspberry,Super-flavour,Cereal box
968,9690532,Crispy Rice Black Raspberry,Super-flavour,Cereal box
969,9700549,Crunch Berries Black Raspberry,Super-flavour,Cereal box
970,9710907,Cornflakes Black Raspberry,Super-flavour,Cereal box
971,9720990,Crunchy Bran Black Raspberry,Super-flavour,Cereal box
972,9731102,Crunchy Nut Cornflakes Black Raspberry,Super-flavour,Cereal box
973,9741119,Double Dip Crunch Black Raspberry,Super-flavour,Cereal box
974,9751157,Fruit & Bran Black Raspberry,Super-flavour,Cereal box
975,9761195,Fruit & Nut Black Raspberry,Super-flavour,Cereal box
976,9773104,Golden Goals Black Raspberry,Sugar-free,Cereal box
977,9783227,Gorilla Black Raspberry,Sugar-free,Cereal box
978,9795151,Granola Black Raspberry,Sugar-free,Cereal box
979,9809545,Grape-Nuts Black Raspberry,Sugar-free,Cereal box
980,9819552,Cups Black Raspberry,Sugar-free,Cereal box
981,9829569,Puffs Black Raspberry,Sugar-free,Cereal box
982,9839606,Stars Black Raspberry,Sugar-free,Cereal box
983,9849613,Crunch Life Black Raspberry,Sugar-free,Cereal box
984,9859620,Lucjy Charms Black Raspberry,Sugar-free,Cereal box
985,9869668,Muesli Black Raspberry,Sugar-free,Cereal box
986,9879675,Grain Black Raspberry,Sugar-free,Cereal box
987,9880633,Squares Black Raspberry,Sugar-free,Cereal box
988,9890848,Crisp Black Raspberry,Sugar-free,Cereal box
989,9900855,Toast Black Raspberry,Sugar-free,Cereal box
990,9911128,Frosted Blue Hawaiian,Sugar-free,Cereal box
991,9921135,Nut Cheerios Blue Hawaiian,Sugar-free,Cereal box
992,9931142,MultiGrain Blue Hawaiian,Sugar-free,Cereal box
993,9941340,Crunch Blue Hawaiian,Sugar-free,Cereal box
994,9951357,Corn Blue Hawaiian,Sugar-free,Cereal box
995,9961371,Graham Blue Hawaiian,Sugar-free,Cereal box
996,9971388,Sugar Blue Hawaiian,Super-flavour,Cereal box
997,9981906,Peanut Butter Blue Hawaiian,Sugar-free,Cereal box
998,9992101,Chocos Blue Hawaiian,Sugar-free,Cereal box
999,10002118,Coco Poops Blue Hawaiian,Sugar-free,Cereal box
1000,10012149,Cookies Blue Hawaiian,Sugar-free,Cereal box
1001,10022156,Crispy Rice Blue Hawaiian,Sugar-free,Cereal box
1002,10032262,Crunch Berries Blue Hawaiian,Sugar-free,Cereal box
1003,10042316,Cornflakes Blue Hawaiian,Sugar-free,Cereal box
1004,10052323,Crunchy Bran Blue Hawaiian,Sugar-free,Cereal box
1005,10062330,Crunchy Nut Cornflakes Blue Hawaiian,Sugar-free,Cereal box
1006,10071962,Double Dip Crunch Blue Hawaiian,Sugar-free,Cereal box
1007,10084624,Fruit & Bran Blue Hawaiian,Super-flavour,Cereal box
1008,10094761,Fruit & Nut Blue Hawaiian,Super-flavour,Cereal box
1009,10101163,Golden Goals Blue Hawaiian,Super-flavour,Cereal box
1010,10111170,Gorilla Blue Hawaiian,Super-flavour,Cereal box
1011,10121194,Granola Blue Hawaiian,Super-flavour,Cereal box
1012,10137027,Grape-Nuts Blue Hawaiian,Super-flavour,Cereal box
1013,10147072,Cups Blue Hawaiian,Super-flavour,Cereal box
1014,10150022,Puffs Blue Hawaiian,Sugar-free,Cereal box
1015,10160014,Stars Blue Hawaiian,Sugar-free,Cereal box
1016,10170038,Crunch Life Blue Hawaiian,Sugar-free,Cereal box
1017,10180037,Lucjy Charms Blue Hawaiian,Sugar-free,Cereal box
1018,10190352,Muesli Blue Hawaiian,Sugar-free,Cereal box
1019,10209486,Grain Blue Hawaiian,Sugar-free,Cereal box
1020,10219509,Squares Blue Hawaiian,Sugar-free,Cereal box
1021,10229516,Crisp Blue Hawaiian,Sugar-free,Cereal box
1022,10239523,Toast Blue Hawaiian,Sugar-free,Cereal box
1023,10249530,Frosted Blueberry,Sugar-free,Cereal box
1024,10250060,Nut Cheerios Blueberry,Super-flavour,Cereal box
1025,10268488,MultiGrain Blueberry,Sugar-free,Cereal box
1026,10274573,Crunch Blueberry,Sugar-free,Cereal box
1027,10281335,Corn Blueberry,Sugar-free,Cereal box
1028,10293810,Graham Blueberry,Sugar-free,Cereal box
1029,10303827,Sugar Blueberry,Sugar-free,Cereal box
1030,10310041,Peanut Butter Blueberry,Sugar-free,Cereal box
1031,10320058,Chocos Blueberry,Sugar-free,Cereal box
1032,10331017,Coco Poops Blueberry,Sugar-free,Cereal box
1033,10341024,Cookies Blueberry,Sugar-free,Cereal box
1034,10351086,Crispy Rice Blueberry,Sugar-free,Cereal box
1035,10361093,Crunch Berries Blueberry,Sugar-free,Cereal box
1036,10371154,Cornflakes Blueberry,Sugar-free,Cereal box
1037,10381161,Crunchy Bran Blueberry,Sugar-free,Cereal box
1038,10391185,Crunchy Nut Cornflakes Blueberry,Sugar-free,Cereal box
1039,10401192,Double Dip Crunch Blueberry,Sugar-free,Cereal box
1040,10411208,Fruit & Bran Blueberry,Sugar-free,Cereal box
1041,10421246,Fruit & Nut Blueberry,Sugar-free,Cereal box
1042,10431253,Golden Goals Blueberry,Sugar-free,Cereal box
1043,10441260,Gorilla Blueberry,Sugar-free,Cereal box
1044,10451468,Granola Blueberry,Sugar-free,Cereal box
1045,10461475,Grape-Nuts Blueberry,Sugar-free,Cereal box
1046,10471482,Cups Blueberry,Sugar-free,Cereal box
1047,10481734,Puffs Blueberry,Sugar-free,Cereal box
1048,10491758,Stars Blueberry,Sugar-free,Cereal box
1049,10501765,Crunch Life Blueberry,Sugar-free,Cereal box
1050,10511012,Lucjy Charms Blueberry,Super-flavour,Cereal box
1051,10520014,Muesli Blueberry,Sugar-free,Cereal box
1052,10531004,Grain Blueberry,Sugar-free,Cereal box
1053,10541011,Squares Blueberry,Sugar-free,Cereal box
1054,10551028,Crisp Blueberry,Sugar-free,Cereal box
1055,10561035,Toast Blueberry,Sugar-free,Cereal box
1056,10571097,Frosted Butter Pecan,Sugar-free,Cereal box
1057,10581103,Nut Cheerios Butter Pecan,Sugar-free,Cereal box
1058,10591110,MultiGrain Butter Pecan,Sugar-free,Cereal box
1059,10601127,Crunch Butter Pecan,Sugar-free,Cereal box
1060,10611134,Corn Butter Pecan,Sugar-free,Cereal box
1061,10622032,Graham Butter Pecan,Sugar-free,Cereal box
1062,10632049,Sugar Butter Pecan,Sugar-free,Cereal box
1063,10642056,Peanut Butter Butter Pecan,Sugar-free,Cereal box
1064,10652070,Chocos Butter Pecan,Sugar-free,Cereal box
1065,10662100,Coco Poops Butter Pecan,Sugar-free,Cereal box
1066,10672117,Cookies Butter Pecan,Sugar-free,Cereal box
1067,10682520,Crispy Rice Butter Pecan,Sugar-free,Cereal box
1068,10692537,Crunch Berries Butter Pecan,Sugar-free,Cereal box
1069,10702544,Cornflakes Butter Pecan,Sugar-free,Cereal box
1070,10712568,Crunchy Bran Butter Pecan,Sugar-free,Cereal box
1071,10722612,Crunchy Nut Cornflakes Butter Pecan,Sugar-free,Cereal box
1072,10734517,Double Dip Crunch Butter Pecan,Super-flavour,Cereal box
1073,10744524,Fruit & Bran Butter Pecan,Super-flavour,Cereal box
1074,10754555,Fruit & Nut Butter Pecan,Super-flavour,Cereal box
1075,10764448,Golden Goals Butter Pecan,Super-flavour,Cereal box
1076,10770259,Gorilla Butter Pecan,Sugar-free,Cereal box
1077,10780303,Granola Butter Pecan,Sugar-free,Cereal box
1078,10790556,Grape-Nuts Butter Pecan,Sugar-free,Cereal box
1079,10800600,Cups Butter Pecan,Sugar-free,Cereal box
1080,10810655,Puffs Butter Pecan,Sugar-free,Cereal box
1081,10821102,Stars Butter Pecan,Sugar-free,Cereal box
1082,10832703,Crunch Life Butter Pecan,Super-flavour,Cereal box
1083,10842758,Lucjy Charms Butter Pecan,Super-flavour,Cereal box
1084,10852925,Muesli Butter Pecan,Super-flavour,Cereal box
1085,10863007,Grain Butter Pecan,Super-flavour,Cereal box
1086,10873519,Squares Butter Pecan,Sugar-free,Cereal box
1087,10883540,Crisp Butter Pecan,Sugar-free,Cereal box
1088,10893748,Toast Butter Pecan,Sugar-free,Cereal box
1089,10903755,Frosted Butterscotch,Sugar-free,Cereal box
1090,10918588,Nut Cheerios Butterscotch,Sugar-free,Cereal box
1091,10928595,MultiGrain Butterscotch,Sugar-free,Cereal box
1092,10930729,Crunch Butterscotch,Sugar-free,Cereal box
1093,10940797,Corn Butterscotch,Sugar-free,Cereal box
1094,10950000,Graham Butterscotch,Sugar-free,Cereal box
1095,10960017,Sugar Butterscotch,Sugar-free,Cereal box
1096,10970406,Peanut Butter Butterscotch,Sugar-free,Cereal box
1097,10987034,Chocos Butterscotch,Sugar-free,Cereal box
1098,10997058,Coco Poops Butterscotch,Sugar-free,Cereal box
1099,11007065,Cookies Butterscotch,Sugar-free,Cereal box
1100,11017201,Crispy Rice Butterscotch,Sugar-free,Cereal box
1101,11027300,Crunch Berries Butterscotch,Sugar-free,Cereal box
1102,11037485,Cornflakes Butterscotch,Sugar-free,Cereal box
1103,11047522,Crunchy Bran Butterscotch,Sugar-free,Cereal box
1104,11057539,Crunchy Nut Cornflakes Butterscotch,Super-flavour,Cereal box
1105,11067652,Double Dip Crunch Butterscotch,Sugar-free,Cereal box
1106,11078321,Fruit & Bran Butterscotch,Sugar-free,Cereal box
1107,11088369,Fruit & Nut Butterscotch,Sugar-free,Cereal box
1108,11098376,Golden Goals Butterscotch,Sugar-free,Cereal box
1109,11108406,Gorilla Butterscotch,Sugar-free,Cereal box
1110,11118567,Granola Butterscotch,Sugar-free,Cereal box
1111,11128628,Grape-Nuts Butterscotch,Sugar-free,Cereal box
1112,11133174,Cups Butterscotch,Sugar-free,Cereal box
1113,11144019,Puffs Butterscotch,Sugar-free,Cereal box
1114,11154026,Stars Butterscotch,Sugar-free,Cereal box
1115,11164033,Crunch Life Butterscotch,Sugar-free,Cereal box
1116,11174040,Lucjy Charms Butterscotch,Sugar-free,Cereal box
1117,11184118,Muesli Butterscotch,Sugar-free,Cereal box
1118,11194125,Grain Butterscotch,Sugar-free,Cereal box
1119,11204132,Squares Butterscotch,Sugar-free,Cereal box
1120,11214415,Crisp Butterscotch,Sugar-free,Cereal box
1121,11228721,Toast Butterscotch,Super-flavour,Cereal box
1122,11233010,Frosted Cake Batter Supreme,Sugar-free,Cereal box
1123,11243027,Nut Cheerios Cake Batter Supreme,Sugar-free,Cereal box
1124,11253065,MultiGrain Cake Batter Supreme,Sugar-free,Cereal box
1125,11263102,Crunch Cake Batter Supreme,Sugar-free,Cereal box
1126,11273119,Corn Cake Batter Supreme,Sugar-free,Cereal box
1127,11284060,Graham Cake Batter Supreme,Sugar-free,Cereal box
1128,11294220,Sugar Cake Batter Supreme,Sugar-free,Cereal box
1129,11304916,Peanut Butter Cake Batter Supreme,Sugar-free,Cereal box
1130,11314930,Chocos Cake Batter Supreme,Sugar-free,Cereal box
1131,11326013,Coco Poops Cake Batter Supreme,Sugar-free,Cereal box
1132,11336044,Cookies Cake Batter Supreme,Sugar-free,Cereal box
1133,11346051,Crispy Rice Cake Batter Supreme,Sugar-free,Cereal box
1134,11351009,Crunch Berries Cake Batter Supreme,Sugar-free,Cereal box
1135,11361313,Cornflakes Cake Batter Supreme,Super-flavour,Cereal box
1136,11377505,Crunchy Bran Cake Batter Supreme,Super-flavour,Cereal box
1137,11387512,Crunchy Nut Cornflakes Cake Batter Supreme,Super-flavour,Cereal box
1138,11397529,Double Dip Crunch Cake Batter Supreme,Super-flavour,Cereal box
1139,11407550,Fruit & Bran Cake Batter Supreme,Super-flavour,Cereal box
1140,11419153,Fruit & Nut Cake Batter Supreme,Sugar-free,Cereal box
1141,11427069,Golden Goals Cake Batter Supreme,Super-flavour,Cereal box
1142,11437076,Gorilla Cake Batter Supreme,Super-flavour,Cereal box
1143,11448240,Granola Cake Batter Supreme,Sugar-free,Cereal box
1144,11458257,Grape-Nuts Cake Batter Supreme,Sugar-free,Cereal box
1145,11468318,Cups Cake Batter Supreme,Sugar-free,Cereal box
1146,11475071,Puffs Cake Batter Supreme,Sugar-free,Cereal box
1147,11485088,Stars Cake Batter Supreme,Sugar-free,Cereal box
1148,11495095,Crunch Life Cake Batter Supreme,Sugar-free,Cereal box
1149,11505163,Lucjy Charms Cake Batter Supreme,Sugar-free,Cereal box
1150,11515224,Muesli Cake Batter Supreme,Sugar-free,Cereal box
1151,11525231,Grain Cake Batter Supreme,Sugar-free,Cereal box
1152,11535408,Squares Cake Batter Supreme,Sugar-free,Cereal box
1153,11545491,Crisp Cake Batter Supreme,Sugar-free,Cereal box
1154,11555507,Toast Cake Batter Supreme,Sugar-free,Cereal box
1155,11565903,Frosted Cantaloupe,Sugar-free,Cereal box
1156,11571078,Nut Cheerios Cantaloupe,Sugar-free,Cereal box
1157,11581085,MultiGrain Cantaloupe,Sugar-free,Cereal box
1158,11591092,Crunch Cantaloupe,Sugar-free,Cereal box
1159,11601146,Corn Cantaloupe,Sugar-free,Cereal box
1160,11611153,Graham Cantaloupe,Sugar-free,Cereal box
1161,11621160,Sugar Cantaloupe,Sugar-free,Cereal box
1162,11631184,Peanut Butter Cantaloupe,Super-flavour,Cereal box
1163,11646123,Chocos Cantaloupe,Sugar-free,Cereal box
1164,11656020,Coco Poops Cantaloupe,Sugar-free,Cereal box
1165,11666389,Cookies Cantaloupe,Sugar-free,Cereal box
1166,11676396,Crispy Rice Cantaloupe,Sugar-free,Cereal box
1167,11686563,Crunch Berries Cantaloupe,Sugar-free,Cereal box
1168,11697003,Cornflakes Cantaloupe,Sugar-free,Cereal box
1169,11707010,Crunchy Bran Cantaloupe,Sugar-free,Cereal box
1170,11717027,Crunchy Nut Cornflakes Cantaloupe,Sugar-free,Cereal box
1171,11727034,Double Dip Crunch Cantaloupe,Sugar-free,Cereal box
1172,11736018,Fruit & Bran Cantaloupe,Sugar-free,Cereal box
1173,11746025,Fruit & Nut Cantaloupe,Sugar-free,Cereal box
1174,11756032,Golden Goals Cantaloupe,Sugar-free,Cereal box
1175,11766049,Gorilla Cantaloupe,Sugar-free,Cereal box
1176,11776087,Granola Cantaloupe,Super-flavour,Cereal box
1177,11782255,Grape-Nuts Cantaloupe,Sugar-free,Cereal box
1178,11792361,Cups Cantaloupe,Sugar-free,Cereal box
1179,11802293,Puffs Cantaloupe,Super-flavour,Cereal box
1180,11812460,Stars Cantaloupe,Super-flavour,Cereal box
1181,11822507,Crunch Life Cantaloupe,Super-flavour,Cereal box
1182,11831011,Lucjy Charms Cantaloupe,Sugar-free,Cereal box
1183,11841028,Muesli Cantaloupe,Sugar-free,Cereal box
1184,11851035,Grain Cantaloupe,Sugar-free,Cereal box
1185,11861042,Squares Cantaloupe,Sugar-free,Cereal box
1186,11871165,Crisp Cantaloupe,Sugar-free,Cereal box
1187,11881240,Toast Cantaloupe,Sugar-free,Cereal box
1188,11898099,Frosted Cherry Jubilee,Sugar-free,Cereal box
1189,11908112,Nut Cheerios Cherry Jubilee,Sugar-free,Cereal box
1190,11918204,MultiGrain Cherry Jubilee,Sugar-free,Cereal box
1191,11922108,Crunch Cherry Jubilee,Sugar-free,Cereal box
1192,11932115,Corn Cherry Jubilee,Sugar-free,Cereal box
1193,11948559,Graham Cherry Jubilee,Super-flavour,Cereal box
1194,11952007,Sugar Cherry Jubilee,Sugar-free,Cereal box
1195,11963009,Peanut Butter Cherry Jubilee,Super-flavour,Cereal box
1196,11979047,Chocos Cherry Jubilee,Sugar-free,Cereal box
1197,11983005,Coco Poops Cherry Jubilee,Sugar-free,Cereal box
1198,11993159,Cookies Cherry Jubilee,Super-flavour,Cereal box
1199,12001014,Crispy Rice Cherry Jubilee,Sugar-free,Cereal box
1200,12011021,Crunch Berries Cherry Jubilee,Sugar-free,Cereal box
1201,12021045,Cornflakes Cherry Jubilee,Sugar-free,Cereal box
1202,12031052,Crunchy Bran Cherry Jubilee,Sugar-free,Cereal box
1203,12041069,Crunchy Nut Cornflakes Cherry Jubilee,Sugar-free,Cereal box
1204,12051076,Double Dip Crunch Cherry Jubilee,Super-flavour,Cereal box
1205,12061113,Fruit & Bran Cherry Jubilee,Sugar-free,Cereal box
1206,12075006,Fruit & Nut Cherry Jubilee,Sugar-free,Cereal box
1207,12085129,Golden Goals Cherry Jubilee,Sugar-free,Cereal box
1208,12097002,Gorilla Cherry Jubilee,Sugar-free,Cereal box
1209,12107040,Granola Cherry Jubilee,Sugar-free,Cereal box
1210,12117064,Grape-Nuts Cherry Jubilee,Sugar-free,Cereal box
1211,12123087,Cups Cherry Jubilee,Sugar-free,Cereal box
1212,12133094,Puffs Cherry Jubilee,Sugar-free,Cereal box
1213,12143100,Stars Cherry Jubilee,Sugar-free,Cereal box
1214,12153148,Crunch Life Cherry Jubilee,Sugar-free,Cereal box
1215,12163155,Lucjy Charms Cherry Jubilee,Sugar-free,Cereal box
1216,12173841,Muesli Cherry Jubilee,Sugar-free,Cereal box
1217,12185008,Grain Cherry Jubilee,Super-flavour,Cereal box
1218,12190277,Squares Cherry Jubilee,Super-flavour,Cereal box
1219,12200008,Crisp Cherry Jubilee,Sugar-free,Cereal box
1220,12210022,Toast Cherry Jubilee,Sugar-free,Cereal box
1221,12220114,Frosted Chilifest Chocolate,Sugar-free,Cereal box
1222,12230138,Nut Cheerios Chilifest Chocolate,Sugar-free,Cereal box
1223,12245465,MultiGrain Chilifest Chocolate,Sugar-free,Cereal box
1224,12257024,Crunch Chilifest Chocolate,Sugar-free,Cereal box
1225,12267031,Corn Chilifest Chocolate,Sugar-free,Cereal box
1226,12275124,Graham Chilifest Chocolate,Super-flavour,Cereal box
1227,12286194,Sugar Chilifest Chocolate,Sugar-free,Cereal box
1228,12297320,Peanut Butter Chilifest Chocolate,Sugar-free,Cereal box
1229,12308181,Chocos Chilifest Chocolate,Super-flavour,Cereal box
1230,12310801,Coco Poops Chilifest Chocolate,Sugar-free,Cereal box
1231,12320393,Cookies Chilifest Chocolate,Super-flavour,Cereal box
1232,12330522,Crispy Rice Chilifest Chocolate,Super-flavour,Cereal box
1233,12349129,Crunch Berries Chilifest Chocolate,Sugar-free,Cereal box
1234,12351122,Cornflakes Chilifest Chocolate,Sugar-free,Cereal box
1235,12368203,Crunchy Bran Chilifest Chocolate,Sugar-free,Cereal box
1236,12378210,Crunchy Nut Cornflakes Chilifest Chocolate,Sugar-free,Cereal box
1237,12388227,Double Dip Crunch Chilifest Chocolate,Sugar-free,Cereal box
1238,12399200,Fruit & Bran Chilifest Chocolate,Super-flavour,Cereal box
1239,12409217,Fruit & Nut Chilifest Chocolate,Super-flavour,Cereal box
1240,12419224,Golden Goals Chilifest Chocolate,Super-flavour,Cereal box
1241,12420091,Gorilla Chilifest Chocolate,Sugar-free,Cereal box
